id;user_id;title;created_at;updated_at;status
3443c677-59ae-4890-9631-a96ff092cfd0;3cff3c68-2f8e-4f73-8a89-d84bdebaa1e9;hi;2026-03-05 09:40:18.259094+00;2026-03-05 09:40:18.676+00;active
94255def-2389-4520-9c6e-eeaed9cd63b3;3cff3c68-2f8e-4f73-8a89-d84bdebaa1e9;hi;2026-03-05 09:40:46.505628+00;2026-03-05 09:40:46.911+00;active
a0c923a0-eb9b-4b79-9639-42aafae6ed72;3cff3c68-2f8e-4f73-8a89-d84bdebaa1e9;hello;2026-03-05 09:43:28.638419+00;2026-03-05 09:43:31.064+00;active
f57ae5ce-665d-4df7-a829-f4ccede12bc4;3cff3c68-2f8e-4f73-8a89-d84bdebaa1e9;Ajke class e so far koto lead ashce? Panthapath br...;2026-03-05 20:19:33.102291+00;2026-03-05 20:19:32.517+00;active
e52d3cd0-3bbc-4e45-8a6e-75f5a70a3584;3cff3c68-2f8e-4f73-8a89-d84bdebaa1e9;hi;2026-03-05 09:48:45.808242+00;2026-03-05 09:49:03.943+00;active
26de4376-12c9-4246-9904-2871e545ab4e;3cff3c68-2f8e-4f73-8a89-d84bdebaa1e9;New Chat;2026-03-05 09:52:53.653935+00;2026-03-05 09:52:53.653935+00;active
032219d3-e6b5-4e52-9094-081424bae05c;3cff3c68-2f8e-4f73-8a89-d84bdebaa1e9;is this data right? Programme Registration Target ...;2026-03-11 07:53:14.700995+00;2026-03-11 07:55:01.905+00;active
070f3ca4-9acb-4035-9517-a7928e78e8e2;3cff3c68-2f8e-4f73-8a89-d84bdebaa1e9;what is the total regs in jan?;2026-03-05 09:52:54.049506+00;2026-03-05 10:05:14.722+00;active
89f8157d-8c85-40c3-89dc-92ba65ac8c61;3cff3c68-2f8e-4f73-8a89-d84bdebaa1e9;what is the total regs in jan 2026?;2026-03-05 11:34:51.721449+00;2026-03-05 11:35:01.399+00;active
c4490d4f-65cd-4a1a-ad4e-ce25f19348dd;3cff3c68-2f8e-4f73-8a89-d84bdebaa1e9;Show admissions by Jogodish Ghosh this month;2026-03-17 20:48:24.983896+00;2026-03-17 20:48:24.899+00;active
c0b369ed-14ab-411c-a3e3-817d922b411c;3cff3c68-2f8e-4f73-8a89-d84bdebaa1e9;Hi;2026-03-07 17:18:13.918505+00;2026-03-07 18:00:46.194+00;active
87955fed-1bdb-4fef-a504-97b61b2a5418;3cff3c68-2f8e-4f73-8a89-d84bdebaa1e9;hey;2026-03-11 08:09:09.896798+00;2026-03-11 08:11:27.092+00;active
9f5e5cff-1ed5-4c64-b258-8beb42990da8;3cff3c68-2f8e-4f73-8a89-d84bdebaa1e9;what is the total regs in jan?;2026-03-05 11:40:51.818853+00;2026-03-05 11:56:08.337+00;active
67d9933d-dcee-4093-9dd2-539fd31f02cd;3cff3c68-2f8e-4f73-8a89-d84bdebaa1e9;what is the total regs in jan 2026?;2026-03-05 12:00:29.392969+00;2026-03-05 12:05:29.392+00;active
fbd4e369-b394-4279-a986-484b3971b165;3cff3c68-2f8e-4f73-8a89-d84bdebaa1e9;is there any free class today?;2026-03-08 04:47:17.810511+00;2026-03-08 04:48:57.218+00;active
cf42e44b-ce18-4ca8-aae1-83ef51362d1b;3cff3c68-2f8e-4f73-8a89-d84bdebaa1e9;hi;2026-03-08 06:01:35.717865+00;2026-03-08 06:01:36.149+00;active
7dbbf24f-5596-4e76-87a6-b79733f50f21;3cff3c68-2f8e-4f73-8a89-d84bdebaa1e9;what is the total regs in jan 2026?;2026-03-05 12:06:59.477507+00;2026-03-05 12:12:35.473+00;active
1e9cea81-ef04-42b8-885c-ee6b10bbb646;3cff3c68-2f8e-4f73-8a89-d84bdebaa1e9;New Chat;2026-03-05 12:14:43.879559+00;2026-03-05 12:14:43.879559+00;active
f2568e96-f8cb-4456-878d-c9e023871b63;3cff3c68-2f8e-4f73-8a89-d84bdebaa1e9;what is the total regs in jan 2026?;2026-03-05 12:14:45.021362+00;2026-03-05 12:14:46.439+00;active
02a41afe-08b7-42d7-9ce0-2e7fe923a6b8;3cff3c68-2f8e-4f73-8a89-d84bdebaa1e9;hi;2026-03-11 08:15:31.491679+00;2026-03-11 08:16:07.411+00;active
90c79110-fd68-46d0-bbaf-b302cea9c80a;3cff3c68-2f8e-4f73-8a89-d84bdebaa1e9;hi;2026-03-05 13:10:59.702393+00;2026-03-05 14:38:07.691+00;active
2df6518f-8109-4748-bd95-fd2bdeb20421;3cff3c68-2f8e-4f73-8a89-d84bdebaa1e9;what is the total regs in jan 2026?;2026-03-05 12:16:37.495588+00;2026-03-05 12:18:39.554+00;active
ca0dbfab-01b3-4262-b583-2658df11dc4b;3cff3c68-2f8e-4f73-8a89-d84bdebaa1e9;what is the total regs in jan 2026?;2026-03-05 12:23:22.998645+00;2026-03-05 12:23:32.335+00;active
e0cf926c-62b5-4da4-a726-84cc1d1197e0;3cff3c68-2f8e-4f73-8a89-d84bdebaa1e9;New Chat;2026-03-05 14:40:52.431556+00;2026-03-05 14:40:52.431556+00;active
bd9518b4-65cf-49c5-a260-5aa73d6af942;3cff3c68-2f8e-4f73-8a89-d84bdebaa1e9;New Chat;2026-03-05 14:41:13.868412+00;2026-03-05 14:41:13.868412+00;active
2fae8f48-e6eb-4d46-b9f2-0accb29927bd;3cff3c68-2f8e-4f73-8a89-d84bdebaa1e9;what is the total regs in jan 2026?;2026-03-05 12:26:17.390654+00;2026-03-05 12:27:05.473+00;active
7355dfe3-bc97-4060-8ec1-fa2cf3b04251;3cff3c68-2f8e-4f73-8a89-d84bdebaa1e9;hi;2026-03-05 14:41:26.792947+00;2026-03-05 14:41:27.187+00;active
0584c579-cb01-4203-8b60-d2d1b0173248;3cff3c68-2f8e-4f73-8a89-d84bdebaa1e9;what is the total regs where submissions in jan 20...;2026-03-05 12:27:39.016919+00;2026-03-05 12:35:28.792+00;active
05bc5031-297e-485f-abe0-03883d430f81;3cff3c68-2f8e-4f73-8a89-d84bdebaa1e9;what is the total regs where submissions in jan 20...;2026-03-05 12:35:39.527555+00;2026-03-05 12:35:42.661+00;active
543940df-43d7-4f39-a5ad-fda04de4df2f;3cff3c68-2f8e-4f73-8a89-d84bdebaa1e9;hi;2026-03-05 12:36:35.192926+00;2026-03-05 12:37:54.551+00;active
cb9e89d3-69c6-4921-96af-7a7a4afb6f8e;3cff3c68-2f8e-4f73-8a89-d84bdebaa1e9;Total regs yestarday?;2026-03-05 12:39:53.798735+00;2026-03-05 12:40:46.794+00;active
47ec2063-4d3d-4fbd-8012-3697acf32a9a;3cff3c68-2f8e-4f73-8a89-d84bdebaa1e9;hello;2026-03-08 06:06:04.165303+00;2026-03-08 06:06:26.167+00;active
afff46b2-c64f-4db6-b2ef-e3aeb8878bcf;3cff3c68-2f8e-4f73-8a89-d84bdebaa1e9;Total regs yestarday;2026-03-05 12:44:54.062176+00;2026-03-05 12:46:53.396+00;active
57aef3a1-15f3-4eba-a117-7d4d73a2ddb5;3cff3c68-2f8e-4f73-8a89-d84bdebaa1e9;how many regs today by branch;2026-03-05 14:43:01.381683+00;2026-03-05 14:56:18.623+00;active
8c1fe1f4-8044-46a3-a038-12134a0ea03a;3cff3c68-2f8e-4f73-8a89-d84bdebaa1e9;How many regs for Spoken English course from mar 1...;2026-03-12 03:57:55.272718+00;2026-03-12 03:57:54.807+00;active
0af4fdc9-758e-4c86-9fb1-0156dfd84d0a;3cff3c68-2f8e-4f73-8a89-d84bdebaa1e9;What can you do;2026-03-05 18:24:09.684357+00;2026-03-05 18:24:50.82+00;active
e4d9efab-bcfb-47a6-9b1e-58d69a22c0fe;3cff3c68-2f8e-4f73-8a89-d84bdebaa1e9;Total regs yestarday;2026-03-05 12:49:14.681426+00;2026-03-05 13:07:40.65+00;active
fbba715e-ff5f-45d3-9fd8-c6371dd491b5;3cff3c68-2f8e-4f73-8a89-d84bdebaa1e9;how many leads are called yesterday?;2026-03-08 07:37:24.129533+00;2026-03-08 07:38:13.545+00;active
7fb72542-ce08-4ed6-9f7a-e122987f46a1;3cff3c68-2f8e-4f73-8a89-d84bdebaa1e9;Which lead source brings weak attendance?;2026-03-18 07:15:39.349496+00;2026-03-18 07:15:43.581+00;active
faba4c8b-257b-4701-b40e-e0206e99d2a2;3cff3c68-2f8e-4f73-8a89-d84bdebaa1e9;what was the revenue in the last 30 days?;2026-03-08 08:16:44.772327+00;2026-03-08 08:18:03.985+00;active
6cc79d7c-008c-4ed5-bda6-19c6d3375428;3cff3c68-2f8e-4f73-8a89-d84bdebaa1e9;Show today's registrations by branch;2026-03-18 07:30:57.184803+00;2026-03-18 07:31:00.673+00;active
21405860-a949-426b-9af8-ffe46f3eb0c9;3cff3c68-2f8e-4f73-8a89-d84bdebaa1e9;New Chat;2026-03-18 07:42:37.901615+00;2026-03-18 07:42:37.901615+00;active
81ecc8b5-f88d-43aa-b7c1-6f325397dd6c;3cff3c68-2f8e-4f73-8a89-d84bdebaa1e9;show me branch wise regs for today in a pie chart;2026-03-18 09:24:29.962703+00;2026-03-18 09:24:31.514+00;active
05c3c828-66dd-4d98-9e46-17f8efef1de9;3cff3c68-2f8e-4f73-8a89-d84bdebaa1e9;Ajke class e so far koto lead ashce?;2026-03-05 19:46:12.580706+00;2026-03-05 19:58:11.217+00;active
c136d7a1-8e17-40e5-96fa-8287706019a4;3cff3c68-2f8e-4f73-8a89-d84bdebaa1e9;Show IELTS attendance this month;2026-03-18 07:46:28.20619+00;2026-03-18 07:46:50.361+00;active
cd42748c-627b-4c4d-ac6e-0b90a6fd7559;3cff3c68-2f8e-4f73-8a89-d84bdebaa1e9;registration data branch wise feb 1-28;2026-03-12 05:26:54.738257+00;2026-03-12 05:47:17.179+00;active
f11dae31-61a2-4bd0-815b-edf62cae5ddd;3cff3c68-2f8e-4f73-8a89-d84bdebaa1e9;Next 7 days er class e so far koto lead ashce? All...;2026-03-05 20:01:59.321498+00;2026-03-05 20:08:51.5+00;active
141cf861-cbed-42da-853f-3d41d6f5818f;3cff3c68-2f8e-4f73-8a89-d84bdebaa1e9;ajker revenue koto?;2026-03-08 14:04:28.835297+00;2026-03-08 15:04:36.251+00;active
ccb33b95-b450-49a6-af75-4612b6d7cbd6;3cff3c68-2f8e-4f73-8a89-d84bdebaa1e9;Ajke class e koto lead ashce, branch and program w...;2026-03-05 20:11:30.774305+00;2026-03-05 20:12:24.65+00;active
63b58d90-c422-4744-9cdf-af60dafa225c;3cff3c68-2f8e-4f73-8a89-d84bdebaa1e9;Show today's called vs uncalled leads;2026-03-17 18:34:41.874547+00;2026-03-17 18:34:42.489+00;active
2df2f50e-e883-4c6c-b990-c47aad17a1bb;3cff3c68-2f8e-4f73-8a89-d84bdebaa1e9;Sanjida asked me for a data: per day and week a am...;2026-03-09 06:34:25.125846+00;2026-03-09 06:37:09.524+00;active
f45a6faf-3b05-4578-bbcd-6e4adf77ad82;3cff3c68-2f8e-4f73-8a89-d84bdebaa1e9;Are Facebook leads attending well?;2026-03-17 18:59:56.459444+00;2026-03-17 19:56:41.328+00;active
79c52620-9b3f-4e7f-8363-ea3832f3f780;3cff3c68-2f8e-4f73-8a89-d84bdebaa1e9;Which branch has the best ATA trend?;2026-03-17 20:03:01.630072+00;2026-03-17 20:03:04.287+00;active
11d6fac5-5de8-438f-87f9-be55dfdc6d6a;3cff3c68-2f8e-4f73-8a89-d84bdebaa1e9;Which branch has best ATA?;2026-03-17 20:05:32.623627+00;2026-03-17 20:11:40.705+00;active
365c618a-c872-45b6-a73e-0bf0dd705a50;3cff3c68-2f8e-4f73-8a89-d84bdebaa1e9;Which branch dropped most this week?;2026-03-18 07:59:28.393989+00;2026-03-18 08:00:04.531+00;active
4518b3e9-4d97-40f2-8c26-f62d78257522;3cff3c68-2f8e-4f73-8a89-d84bdebaa1e9;Who am i;2026-03-18 08:05:16.179696+00;2026-03-18 08:05:15.948+00;active
2ef2e30b-ce54-4810-a4b1-fd23a0625b78;3cff3c68-2f8e-4f73-8a89-d84bdebaa1e9;show me branch wise regs for today;2026-03-18 08:13:51.675079+00;2026-03-18 08:13:52.162+00;active
abd5bd97-7387-4660-9ca4-178eba99de9d;3cff3c68-2f8e-4f73-8a89-d84bdebaa1e9;show me branch wise regs for today in a pie chart;2026-03-18 09:21:20.8299+00;2026-03-18 09:21:24.86+00;active
cb6b2141-8adf-41bd-b3ce-5dee9fe445bb;3cff3c68-2f8e-4f73-8a89-d84bdebaa1e9;show me branch wise regs for today in a pie chart;2026-03-18 09:38:58.692233+00;2026-03-18 09:38:59.209+00;active
79560733-df33-4e75-9484-7740202b6112;3cff3c68-2f8e-4f73-8a89-d84bdebaa1e9;show me branch wise regs for today in a pie char;2026-03-18 09:58:25.640572+00;2026-03-18 09:58:28.237+00;active
7ddf0137-1c2e-4b4b-8a08-3a05647f6fd1;3cff3c68-2f8e-4f73-8a89-d84bdebaa1e9;show me branch wise regs for today in a pie chart;2026-03-18 10:00:07.536441+00;2026-03-18 10:00:09.744+00;active
6a411601-3bf5-45d3-af86-1eecc6b0c73e;3cff3c68-2f8e-4f73-8a89-d84bdebaa1e9;New Chat;2026-03-18 10:04:50.432383+00;2026-03-18 10:04:50.432383+00;active
7da84bbb-989e-43f9-b95f-4e446dcc889b;3cff3c68-2f8e-4f73-8a89-d84bdebaa1e9;show me branch wise regs for today in a line chart;2026-03-18 10:10:25.423428+00;2026-03-18 10:10:25.945+00;active
e40c98f0-479c-427f-8da7-2a087603ee3e;3cff3c68-2f8e-4f73-8a89-d84bdebaa1e9;show me branch wise regs for today in a bar chart;2026-03-18 10:20:20.479658+00;2026-03-18 10:20:21.034+00;active
a932d426-2711-457b-b1a4-f7ca03deaae2;3cff3c68-2f8e-4f73-8a89-d84bdebaa1e9;hi;2026-03-18 10:21:05.09015+00;2026-03-18 10:21:08.736+00;active
a9078c61-9855-4f6f-b86a-b5aaad554dff;3cff3c68-2f8e-4f73-8a89-d84bdebaa1e9;hello;2026-03-18 10:57:29.990221+00;2026-03-18 10:57:41.969+00;active
30030ea7-3226-4695-8393-da028acb6d62;3cff3c68-2f8e-4f73-8a89-d84bdebaa1e9;hello there;2026-03-18 11:04:34.762546+00;2026-03-18 11:04:46.212+00;active
b11275de-dfc8-4c36-858b-71efd01eca41;3cff3c68-2f8e-4f73-8a89-d84bdebaa1e9;New Chat;2026-03-18 11:04:55.027938+00;2026-03-18 11:04:55.027938+00;active
df4b52b8-0553-40d9-a5f5-1b24313cdcf9;3cff3c68-2f8e-4f73-8a89-d84bdebaa1e9;Show today's admissions by branch;2026-03-18 11:21:05.485699+00;2026-03-18 11:21:46.892+00;active
bf277795-75dc-413c-88b3-4d82c9a9b421;3cff3c68-2f8e-4f73-8a89-d84bdebaa1e9;Show this week's tele-eligible leads;2026-03-18 11:52:06.489581+00;2026-03-18 11:52:06.226+00;active
e8b799f9-7ee3-4701-9471-61ae376214bb;3cff3c68-2f8e-4f73-8a89-d84bdebaa1e9;New Chat;2026-03-18 11:54:40.902383+00;2026-03-18 11:54:40.902383+00;active
9c827daa-70bd-4a76-aa31-abd5575676c9;3cff3c68-2f8e-4f73-8a89-d84bdebaa1e9;Which branch has best RTA?;2026-03-18 11:53:52.462124+00;2026-03-18 12:03:37.174+00;active
e92d0214-b3c4-4902-9dca-e22c19f01e4b;3cff3c68-2f8e-4f73-8a89-d84bdebaa1e9;is this data right?;2026-03-18 12:55:49.625073+00;2026-03-18 13:01:17.471+00;active
dc6463a6-26f1-4d85-926b-2408ee76da51;3cff3c68-2f8e-4f73-8a89-d84bdebaa1e9;conduct a deep analysis report about the registrat...;2026-03-22 05:46:13.517467+00;2026-03-22 05:47:17.138+00;active
e443ef0b-757a-4005-a4d9-178b7a53b3e7;3cff3c68-2f8e-4f73-8a89-d84bdebaa1e9;What is this month's revenue?;2026-03-31 05:31:42.338431+00;2026-03-31 05:32:03.846+00;active
b2473f4c-befb-4447-bbc9-813e8d010621;3cff3c68-2f8e-4f73-8a89-d84bdebaa1e9;is this data right?;2026-03-18 13:03:15.773754+00;2026-03-18 13:10:00.866+00;active
25bc9169-8ff4-4970-8a2e-0888c4e66313;3cff3c68-2f8e-4f73-8a89-d84bdebaa1e9;is this data right?;2026-03-18 13:11:37.241251+00;2026-03-18 13:11:51.113+00;active
cfb6657f-7d9e-4df1-96d5-70c2b56ed8bf;3cff3c68-2f8e-4f73-8a89-d84bdebaa1e9;revenue collected amount month wise since Jan 2026;2026-03-20 08:32:48.205681+00;2026-03-20 08:32:48.823+00;active
4f6dd9fa-3011-447a-9848-6d90d1c4d0bf;3cff3c68-2f8e-4f73-8a89-d84bdebaa1e9;New Chat;2026-03-21 19:28:35.241554+00;2026-03-21 19:28:35.241554+00;active
df5af3b4-beb8-48a9-9b2a-9cbcd1cb5732;3cff3c68-2f8e-4f73-8a89-d84bdebaa1e9;Show Mirpur branch performance today;2026-03-21 19:33:22.978211+00;2026-03-21 19:33:23.563+00;active
a7930eb5-264b-4e5d-8751-766a08bf24ed;3cff3c68-2f8e-4f73-8a89-d84bdebaa1e9;conduct a deep analysis report about the registrat...;2026-03-22 05:53:22.517848+00;2026-03-22 05:53:50.458+00;active
0589bce6-8377-4b6f-adc2-d9bed7bb6134;3cff3c68-2f8e-4f73-8a89-d84bdebaa1e9;hi;2026-03-21 19:35:07.531877+00;2026-03-21 19:35:25.891+00;active
c7fa36ba-cd9d-48cc-b11e-634b094fbccf;3cff3c68-2f8e-4f73-8a89-d84bdebaa1e9;hi;2026-03-21 19:43:48.581016+00;2026-03-21 19:43:50.663+00;active
cd96a162-3bf2-4a37-924e-be932eb24397;3cff3c68-2f8e-4f73-8a89-d84bdebaa1e9;New Chat;2026-03-21 19:45:12.981166+00;2026-03-21 19:45:12.981166+00;active
f91c0888-61c2-499c-9837-423a5a2cc420;3cff3c68-2f8e-4f73-8a89-d84bdebaa1e9;New Chat;2026-03-21 19:45:20.675394+00;2026-03-21 19:45:20.675394+00;active
5e2afd49-191c-490d-8aa2-fe3a12e150b2;3cff3c68-2f8e-4f73-8a89-d84bdebaa1e9;show me branch-wise RTA performance since Jan 2026;2026-03-21 19:52:43.836436+00;2026-03-21 19:54:45.976+00;active
890b2e0c-1199-4cfd-9904-728c0ce7299e;3cff3c68-2f8e-4f73-8a89-d84bdebaa1e9;conduct a deep analysis report about the registrat...;2026-03-22 05:54:58.499759+00;2026-03-22 05:54:58.902+00;active
ec29ef59-7355-466c-ab37-9b061d117861;3cff3c68-2f8e-4f73-8a89-d84bdebaa1e9;hello there, who are you and what is your purpose?;2026-03-22 05:58:05.56572+00;2026-03-22 05:58:05.975+00;active
37c42c8f-a1f5-4772-8a41-25396d49a907;3cff3c68-2f8e-4f73-8a89-d84bdebaa1e9;conduct a deep analysis report about the registrat...;2026-03-22 05:58:24.004417+00;2026-03-22 05:58:42.436+00;active
144a1e86-98b9-4abd-8220-7f4f3362651d;3cff3c68-2f8e-4f73-8a89-d84bdebaa1e9;Show yesterday's registrations by branch;2026-03-22 06:26:57.387103+00;2026-03-22 06:27:00.76+00;active
0ac6b855-57b2-4b52-b4eb-82d7dfec4966;3cff3c68-2f8e-4f73-8a89-d84bdebaa1e9;Show yesterday's registrations by branch;2026-03-31 05:36:02.121148+00;2026-03-31 05:36:02.532+00;active
6e2e263a-2840-4235-a3c2-1f91d999a2cf;26c1816d-da94-466d-b7a7-57ea6b46b6a6;conduct a deep analysis report about the registrat...;2026-03-22 06:29:20.008048+00;2026-03-22 06:32:34.469+00;active
b686658e-5ed6-4776-9b27-61513dad24d5;3cff3c68-2f8e-4f73-8a89-d84bdebaa1e9;run two sqls: on for rta by branch, and ata by bra...;2026-03-21 20:16:28.412525+00;2026-03-21 21:23:59.428+00;active
7516578c-80e8-422d-8cb6-61235e84ee65;3cff3c68-2f8e-4f73-8a89-d84bdebaa1e9;run two sqls: one for registrations by branch, and...;2026-03-21 21:26:57.820617+00;2026-03-21 21:27:00.565+00;active
fcc6fe4d-3f53-4fb8-bc4f-e39903e6bf89;3cff3c68-2f8e-4f73-8a89-d84bdebaa1e9;hi;2026-03-22 06:34:10.834886+00;2026-03-22 06:34:24.707+00;active
3084c089-bcbb-4fef-9c49-62b86e979abf;3cff3c68-2f8e-4f73-8a89-d84bdebaa1e9;run two sqls: one for registrations by branch, and...;2026-03-21 21:43:39.733234+00;2026-03-21 21:51:53.085+00;active
d737adc6-bdbe-4495-89a3-3e2be58cf63c;3cff3c68-2f8e-4f73-8a89-d84bdebaa1e9;run two sqls: one for registrations by branch, and...;2026-03-22 04:24:48.036822+00;2026-03-22 04:24:49.704+00;active
43543b3a-28c3-4987-85ae-6f4fab525e0e;3cff3c68-2f8e-4f73-8a89-d84bdebaa1e9;run two sqls: one for registrations by branch, and...;2026-03-22 04:42:00.968974+00;2026-03-22 04:42:03.476+00;active
12c2dd09-d216-4072-88b4-0021866b5dc0;3cff3c68-2f8e-4f73-8a89-d84bdebaa1e9;conduct a deep analysis report about the registrat...;2026-03-22 04:50:56.548699+00;2026-03-22 04:51:56.456+00;active
70e2e82d-9c61-45ed-b126-0337765909d6;3cff3c68-2f8e-4f73-8a89-d84bdebaa1e9;conduct a deep analysis report about the registrat...;2026-03-22 05:03:57.93716+00;2026-03-22 05:03:59.528+00;active
093da0cd-751c-452e-a185-003c208e4142;3cff3c68-2f8e-4f73-8a89-d84bdebaa1e9;run two sqls: one for registrations by branch, and...;2026-03-22 05:10:43.129464+00;2026-03-22 05:10:43.504+00;active
65acc16d-6795-4325-a88b-8bcb81609356;3cff3c68-2f8e-4f73-8a89-d84bdebaa1e9;conduct a deep analysis report about the registrat...;2026-03-22 05:11:17.890338+00;2026-03-22 05:11:32.717+00;active
5f9e8256-0efb-4ec7-bda4-786597afcd2e;3cff3c68-2f8e-4f73-8a89-d84bdebaa1e9;New Chat;2026-03-22 05:16:42.435872+00;2026-03-22 05:16:42.435872+00;active
7afd2a18-e646-488e-8ff1-6ae761cfea07;3cff3c68-2f8e-4f73-8a89-d84bdebaa1e9;conduct a deep analysis report about the registrat...;2026-03-22 05:16:51.268663+00;2026-03-22 05:16:51.682+00;active
882b5ef5-77d6-41fa-8a34-05fae18af2f5;3cff3c68-2f8e-4f73-8a89-d84bdebaa1e9;conduct a deep analysis report about the registrat...;2026-03-22 05:37:14.435375+00;2026-03-22 05:37:15.018+00;active
d7c282e1-2d10-4556-9633-195771d978ad;3cff3c68-2f8e-4f73-8a89-d84bdebaa1e9;which ADO is the weakest?;2026-03-31 06:33:21.172785+00;2026-03-31 06:58:49.396+00;active
d989c8b0-3238-4204-8f3c-c0173a7fc932;3cff3c68-2f8e-4f73-8a89-d84bdebaa1e9;conduct a deep analysis report about the registrat...;2026-03-22 05:44:01.784222+00;2026-03-22 05:44:33.301+00;active
7fef8505-19c5-45ab-8c43-6d0fa2442019;3cff3c68-2f8e-4f73-8a89-d84bdebaa1e9;Which programme has highest admissions?;2026-03-31 06:06:13.345407+00;2026-03-31 06:06:13.756+00;active
faa79f30-5ccc-47c8-b8fe-9e82b0f4ed1e;26c1816d-da94-466d-b7a7-57ea6b46b6a6;hi;2026-03-22 18:53:37.316585+00;2026-03-22 18:59:45.73+00;active
d4fdb0e8-5a9e-4fc2-a174-0c2fed6e4ac2;3cff3c68-2f8e-4f73-8a89-d84bdebaa1e9;Give me sql to fetch leads data since dec who have...;2026-03-30 02:22:17.909196+00;2026-03-30 02:22:18.799+00;active
a5026957-8e43-4cf3-8fc5-085ee5046d9e;3cff3c68-2f8e-4f73-8a89-d84bdebaa1e9;Give me sql to fetch leads data since dec who have...;2026-03-30 02:22:49.627615+00;2026-03-30 02:22:52+00;active
3e2433c0-8aa1-4aec-9123-e478fa031418;3cff3c68-2f8e-4f73-8a89-d84bdebaa1e9;Show admissions by Humayra Kabir Shatabdi this mon...;2026-04-02 07:46:59.439176+00;2026-04-02 07:47:07.862+00;active
dc3207be-f5f8-41ee-98fc-0b1833524651;3cff3c68-2f8e-4f73-8a89-d84bdebaa1e9;conduct a deep analysis report about the registrat...;2026-03-22 06:01:44.358087+00;2026-03-31 06:33:00.933+00;active
29e2c9b6-280d-45f8-b646-3e680420fb1e;2bb967c2-d452-4a11-ab6f-7baa3ab92f8c;Show today's admissions by branch;2026-03-31 05:10:13.698499+00;2026-03-31 05:11:35+00;active
a0243dee-efae-4e69-96b3-e3f31d7eeaa2;3cff3c68-2f8e-4f73-8a89-d84bdebaa1e9;jan 1, 2026 - mar 30 enrollments in each branch;2026-03-31 10:00:19.438383+00;2026-03-31 10:00:21.691+00;active
58ea3a96-70e3-481a-b45c-ae0fccc9d770;eb374c12-1fcd-45f5-8f93-de0716a40e1b;Top 5 ADOs by revenue;2026-03-31 05:00:06.532638+00;2026-03-31 05:12:52.617+00;active
e729f0ce-3946-4841-adc8-536769aa412d;dd75b956-474f-4a41-bb25-e3de30a74119;Which branch is doing better with conversion?;2026-03-31 06:34:51.3363+00;2026-03-31 06:35:18.505+00;active
d8499d6a-0f96-4ff2-a1a7-c8a49f51e62e;06ab655c-63d6-4258-97e1-d0dc176b3cac;Which branch has the best ATA trend?;2026-03-31 06:43:52.962798+00;2026-03-31 07:01:18.052+00;active
4901570e-e870-4968-afb5-3a59c8afcd6d;eb374c12-1fcd-45f5-8f93-de0716a40e1b;which ado performed lowest;2026-03-31 06:48:02.434833+00;2026-03-31 06:50:00.039+00;active
04a12aa0-fa54-4af7-b65f-2df30dce7491;3cff3c68-2f8e-4f73-8a89-d84bdebaa1e9;conduct a deep analysis of admission and ATA relat...;2026-03-31 08:44:14.013511+00;2026-03-31 10:09:08.491+00;active
edee87a7-ce9b-4e74-a6df-eb089cf89bc4;3cff3c68-2f8e-4f73-8a89-d84bdebaa1e9;tell me how does is uttara branch performing;2026-03-31 07:08:46.002273+00;2026-03-31 07:09:35.604+00;active
18a85a46-4384-482c-999a-179a44bfcadd;3cff3c68-2f8e-4f73-8a89-d84bdebaa1e9;tell me how does is uttara branch performing;2026-03-31 07:10:35.83512+00;2026-03-31 07:10:37.779+00;active
2130dc51-0fe7-47c9-acf2-48836953f49a;3cff3c68-2f8e-4f73-8a89-d84bdebaa1e9;how is uttara branch performing in 202^?;2026-03-31 07:12:25.817773+00;2026-03-31 07:12:35.018+00;active
b91eee9d-3896-4ac1-b882-75dc647094ca;3cff3c68-2f8e-4f73-8a89-d84bdebaa1e9;New Chat;2026-03-31 07:12:41.406017+00;2026-03-31 07:12:41.406017+00;active
1b0a8113-d5ce-4dc1-8390-f2537abb91a9;3cff3c68-2f8e-4f73-8a89-d84bdebaa1e9;how is uttara branch performing in 2026?;2026-03-31 07:12:49.628495+00;2026-03-31 07:12:50.012+00;active
bfde8ab5-1ba5-4b8a-8591-af62ca33d68f;3cff3c68-2f8e-4f73-8a89-d84bdebaa1e9;conduct a deep analysis, how EC is doing in terms ...;2026-03-31 10:15:15.236938+00;2026-03-31 10:16:04.04+00;active
67edf53e-b311-40d5-a55d-a69d28f78ca7;3cff3c68-2f8e-4f73-8a89-d84bdebaa1e9;which branch is doign better with conversions in 2...;2026-04-02 06:13:45.101338+00;2026-04-02 06:13:45.58+00;active
85360d6f-2f4b-4a03-b675-e159d8e20552;6be9ac3f-4320-41ce-a71a-f097b163feb6;hiu;2026-04-02 07:59:17.618844+00;2026-04-02 08:00:04.391+00;deleted
7ac9d774-5e95-4c82-adee-60d1b11d07d9;6be9ac3f-4320-41ce-a71a-f097b163feb6;Show admissions by Nomit Akone Lamim this month;2026-04-02 08:00:08.397577+00;2026-04-02 08:00:10.533+00;active
7f9d4151-6aab-464e-8835-f7704ee722ee;6be9ac3f-4320-41ce-a71a-f097b163feb6;who am i/;2026-04-02 07:59:24.602194+00;2026-04-02 07:59:28.38+00;active
63ed18f9-8565-48d9-9407-e9ec59c363b8;6be9ac3f-4320-41ce-a71a-f097b163feb6;hello;2026-04-02 07:56:06.040311+00;2026-04-02 08:00:02.943+00;deleted
6d1a3160-d4a9-4d47-9c34-1147ca250c85;3cff3c68-2f8e-4f73-8a89-d84bdebaa1e9;hi;2026-04-02 08:11:33.062872+00;2026-04-02 08:11:36.077+00;active
2bbbb9b0-4415-406e-b8a7-0ec611d73c23;eb374c12-1fcd-45f5-8f93-de0716a40e1b;New Chat;2026-03-31 06:47:51.879377+00;2026-04-02 10:41:46.448+00;deleted
9fdbdcf3-e7f7-4b58-83c9-c54eab3de3c2;3cff3c68-2f8e-4f73-8a89-d84bdebaa1e9;hi;2026-04-02 08:45:19.635023+00;2026-04-02 08:45:28.336+00;deleted
45153d95-46de-469b-bae9-cfc3a739c883;eb374c12-1fcd-45f5-8f93-de0716a40e1b;New Chat;2026-03-31 06:47:39.826957+00;2026-04-02 10:41:47.531+00;deleted
8ec0d374-00bb-425c-bd22-21d0a0acf02c;3cff3c68-2f8e-4f73-8a89-d84bdebaa1e9;Which source gives the worst RTA?;2026-04-02 10:58:02.488423+00;2026-04-02 10:58:02.955+00;active
d32d0d0d-0248-43be-a830-ef8b593d97de;3cff3c68-2f8e-4f73-8a89-d84bdebaa1e9;Which source gives the worst RTA?;2026-04-02 10:58:28.746834+00;2026-04-02 10:58:29.953+00;active
598e4983-a20a-42ba-aab3-2706fca96aa3;3cff3c68-2f8e-4f73-8a89-d84bdebaa1e9;Top 5 ADOs by admissions;2026-04-04 06:39:23.588203+00;2026-04-04 06:39:24.011+00;active
7862024f-c9e5-44ff-9ced-a375098397f2;3cff3c68-2f8e-4f73-8a89-d84bdebaa1e9;New Chat;2026-04-04 07:17:39.193936+00;2026-04-04 07:17:39.193936+00;active